Continent,Year,Nitrogen oxide (NOx),Sulphur dioxide (SO₂) emissions,Carbon monoxide (CO) emissions,Black carbon (BC) emissions,Ammonia (NH₃) emissions,Non-methane volatile organic compounds (NMVOC) emissions
Africa,1922,168820.4463264,314171.0125592,11347113.8951,145241.552513,912577.18775,1537633.43607
Africa,1923,185877.59559759998,365547.0554845,11577611.9956,147814.054825,926886.567643,1573696.534641
Africa,1924,194726.134426,385914.435831,11813988.72283,150451.2283865,941716.138672,1609432.74496
Africa,1925,204839.3783745,404018.5734737,12005117.7091,152365.048446,970235.3145099999,1639492.33204
Africa,1926,214565.1200183,441428.70909480006,12278952.905,155346.983672,995818.93467,1677550.96425
Africa,1927,217653.844494,439316.6174179,12635676.2581,159225.700381,1018574.7874660001,1730647.767
Africa,1928,225320.4101957,468507.1132785,12904796.542299999,162344.34808999998,1036213.25904,1770502.49085
Africa,1929,232322.282728,469501.7136428,13155571.3362,165225.110039,1050272.83751,1805288.75534
Africa,1930,231051.6335608,468043.91047255,13384279.9553,167780.8327025,1062284.929868,1834891.718692
Africa,1931,225694.645148,405274.1895537,13552556.3432,169730.972755,1077155.10984,1857506.17179
Africa,1932,221681.45183,331386.5303684,13696073.1894,171196.904476,1089271.1733,1878884.9465100002
Africa,1933,229936.324449,629094.87525,13894910.9049,173207.246885,1100433.2160739999,1909325.56118
Africa,1934,244346.45493,782702.632396,14119536.1244,175530.124615,1110936.10991,1944129.9390500002
Africa,1935,257351.818571,823459.6448939999,14365150.4072,178269.433482,1122044.15363,1980797.16096
Africa,1936,272603.72138400003,838932.4711776,14655963.9845,181391.025592,1140694.751805,2023759.13879
Africa,1937,284606.627896,1079015.8133506998,15010237.068599999,184791.27221999998,1159053.1295099999,2072482.69754
Africa,1938,299566.272023,1079156.9527583,15379580.3586,188401.525952,1176344.16335,2126522.03848
Africa,1939,329520.42448,1104066.5325238002,15756398.156100001,191956.11415,1191761.43687,2196845.72685
Africa,1940,353567.85353,1279884.1438016,16088417.96247,195067.748957,1204857.74726,2251709.407867
Africa,1941,380849.8664175,1242090.6971163,16397315.3022,197842.329617,1220148.13073,2305866.29256
Africa,1942,397995.66914500005,1328766.1772794,16799824.354,201730.685964,1236436.491765,2362142.76118
Africa,1943,408148.985454,1289304.037094,17157062.1606,205009.308707,1253788.76597,2416847.16192
Africa,1944,435538.285171,1269168.8224853,17562908.3502,208652.78411500002,1273137.18473,2480337.91141
Africa,1945,444941.540972,1240264.0792795,17912803.3057,211887.74392,1293094.32495,2532647.52239
Africa,1946,449433.11645100004,1171822.804418,18375952.2916,215618.702078,1322466.77387,2595082.69453
Africa,1947,455643.301436,1215695.184541,18682225.1225,218203.241584,1350947.42292,2640040.42324
Africa,1948,485553.21149300004,1341434.283534,19201454.4292,222990.674786,1384248.4500499999,2735486.93549
Africa,1949,518480.66544,1485092.3522866,19757912.193,228467.266603,1424514.009245,2829887.10282
Africa,1950,681581.536509,1650296.9903954002,20804084.8374,242452.479146,1464771.77643,3152160.0142200002
Africa,1951,725328.374266,1717260.1705353998,21129227.728,247945.762228,1506314.360715,3237086.097714
Africa,1952,774194.070837,1827594.608528,21517499.7101,253510.035141,1545251.73703,3338857.31389
Africa,1953,792968.264415,1714935.590615,21759701.0097,258411.387782,1584982.603675,3418775.41723
Africa,1954,826440.3332029999,1782693.93067,22067377.1525,263633.133449,1620772.25503,3505485.32422
Africa,1955,865769.2735519999,1863721.261062,22360852.9449,269150.825817,1651669.61108,3587097.78674
Africa,1956,884358.963782,2284727.1872597,22563448.889200002,274240.927748,1686178.319465,3667282.09693
Africa,1957,918625.6608069999,2381589.515205,22801575.8967,279474.962494,1727363.781375,3771097.2137100003
Africa,1958,951937.394531,2332122.996112,23034878.1352,285425.612181,1776231.1802100001,3844383.21661
Africa,1959,942560.899491,2749126.735819,23132089.362,290281.424717,1825568.82125,3928227.64649
Africa,1960,999727.787063,2884090.0362025,23425088.42,301939.386044,1866523.42591,4168834.47591
Africa,1961,1040354.545376,2931868.107276,23676611.3153,312712.79347,1901055.38785,4389793.59687
Africa,1962,1069862.470772,2919745.6155204996,23878015.26957,323034.66877,1953726.02673,4611076.11462
Africa,1963,1124561.3483,3060273.1995389997,24168249.13149,333707.06389,2007017.2801,4896667.47849
Africa,1964,1231749.574426,3357268.870861,24734173.89985,347521.029126,2051616.36661,5249780.5726499995
Africa,1965,1323860.39827,3573167.492961,25285702.24379,359886.223785,2115087.8642700003,5620000.89416
Africa,1966,1393159.1467900001,3640583.740767,25905314.12602,375838.832797,2165366.90858,6057187.73129
Africa,1967,1412670.323476,3653565.0783470003,26403693.86126,387701.009815,2232209.12879,6272059.41188
Africa,1968,1480973.565384,3782007.074558,26968752.00753,404859.72002999997,2291191.77434,6737830.038904
Africa,1969,1571987.737445,3952091.590182,27682865.63952,420076.520276,2343145.17542,7339954.46782
Africa,1970,1643169.14124,4023712.825733,28485426.41585,433165.687534,2490403.78683,7952541.930188
Africa,1971,1723700.604185,4030036.735902,28526870.66261,433412.78751,2534478.79482,7933273.17448
Africa,1972,1837850.255665,4255804.136534,29471472.62709,451784.77093,2579745.26655,8144695.57028
Africa,1973,1985337.58309,4340648.543412,30438352.1915,463398.88825899997,2616225.22194,8391915.28094
Africa,1974,2066282.45794,4499147.93654,31205706.55826,467171.200234,2661792.87599,8346938.7655299995
Africa,1975,2173007.96748,4498291.656055,32062178.00183,474807.7105,2747150.96475,8309087.50665
Africa,1976,2350631.80138,4749021.120261,33168275.829549998,499573.51633,2815248.57515,8825614.63424
Africa,1977,2442609.22115,4861506.001933,34077832.3635,515374.630786,2890072.78753,9089629.64288
Africa,1978,2572425.41481,4876973.709458,35179583.2143,535930.10963,2985246.69348,9236419.36595
Africa,1979,2623803.26895,4748200.2049279995,36033896.42255,535583.82528,3093736.39856,9599678.74954
Africa,1980,2777761.36443,4999778.072696,37187894.3781,547270.110235,3222555.75525,9591027.3845
Africa,1981,2928164.60823,5099590.83223,38064324.8617,542934.59501,3317830.25129,9272725.8308
Africa,1982,2956718.40129,5166030.63163,38827520.24004,550233.59249,3382934.65352,9331719.547
Africa,1983,2997458.65407,5145038.368523,39656992.427600004,563339.874,3444580.79654,9490198.26475
Africa,1984,3083522.00508,5173645.989757,40814722.76487,584846.4221,3485465.63115,9869335.51105
Africa,1985,3170787.40559,5199376.943186,41952487.41815,605859.75407,3576635.75216,10147599.82724
Africa,1986,3208034.6361700003,4521412.098463,43066204.20703,621784.69547,3693898.4188599996,10306970.67887
Africa,1987,3313848.9349800004,5009928.488252,44292544.2215,625931.6052700001,3743407.70494,10516922.90965
Africa,1988,3421375.08943,5190399.75146,45606506.6959,640919.87294,3860198.6085,10824212.7359
Africa,1989,3485860.38344,5260024.563543,46918284.4742,659311.6768,3954306.15808,11148294.54767
Africa,1990,3599813.36742,4965333.623393,47753455.9816,686691.78397,4071767.12008,11482858.11785
Africa,1991,3668780.4679300003,4690765.92571,48920569.5865,706068.43226,4148182.17943,11866709.26356
Africa,1992,3715386.88739,4756534.47068,49909822.2073,715082.80628,4237765.63468,12149307.3182
Africa,1993,3726969.49335,4528565.98317,50195001.754,735747.84001,4313887.78086,12339204.9804
Africa,1994,3784710.93267,4295850.93166,52420062.9973,752615.36185,4425514.14608,12952370.74783
Africa,1995,3971497.4244500003,4416606.890713,53773135.0259,779904.91503,4565998.09775,13448927.0278
Africa,1996,4102661.4269399997,4607028.98342,54694610.8254,796914.98277,4702783.39033,13927684.4648
Africa,1997,4269506.4089,4746972.538114999,55102079.081,809939.2244899999,4801301.7932,14282923.56855
Africa,1998,4362348.2303,4769890.713570001,57008590.8446,821191.49763,4952446.41422,14754537.36823
Africa,1999,4386105.477,4500704.71296,57212051.6371,838365.53324,5101198.55612,15254602.90184
Africa,2000,4472012.8236,4380759.83729,58068008.4739,834949.46894,5214457.09282,15685632.3662
Africa,2001,4874040.0195,5010955.964864001,60483499.7539,841886.97537,5383809.2696,16286003.7986
Africa,2002,5020045.3491,5104700.11472,60824200.5308,864983.23332,5487808.1352,16605412.9428
Africa,2003,5127258.89654,4977168.920290001,61441668.592,893300.09712,5629926.36174,17206615.2556
Africa,2004,5392335.2805,5456901.582604,63172636.939899996,933430.05801,5813275.70226,18247130.479000002
Africa,2005,5481082.67753,5225554.09436,64735693.027499996,950879.8502,5925292.98578,18971952.1224
Africa,2006,5613026.03605,5351707.00597,65427336.870000005,977718.62795,6075549.82405,19092564.6955
Africa,2007,5788404.05377,5369978.129834,66446387.5326,994892.17942,6257328.19377,19542634.1819
Africa,2008,6077942.09805,5699889.954735,68178161.9342,1028108.5812199999,6443346.63257,20039372.9378
Africa,2009,6074074.6072,5553770.21537,69022231.8907,1049938.91333,6584609.010530001,20176830.3523
Africa,2010,6506854.9667,6020852.067965,70596635.8162,1050067.54931,6850701.04942,20647123.772099998
Africa,2011,6471682.8485,5795268.27177,72470788.62550001,1057049.56664,6969817.625440001,20887248.4575
Africa,2012,6786240.7755,6010487.07427,75924685.1516,1098190.25472,7227621.02071,22306088.3317
Africa,2013,7163144.86076,6113662.135290001,77942935.3167,1128558.96931,7467062.915800001,22602666.8217
Africa,2014,7412759.91776,6104759.241225,79521995.7222,1148139.15298,7585055.96394,22777444.731
Africa,2015,7391354.97753,5527532.30083,80212640.8403,1152592.57171,7730161.6645,23039791.4996
Africa,2016,7540319.3281,5553397.29668,81899779.2887,1162463.31579,7983127.35248,23527984.2646
Africa,2017,7523216.89324,5377227.60423,83599265.1244,1195265.5164299998,8172888.74285,23876537.5512
Africa,2018,7589137.1835,5294089.2139,83173068.9531,1182556.83821,8209881.81388,23904239.7698
Africa,2019,7617254.14706,5306022.826695999,83650081.5118,1186610.36233,8386067.0299,24117871.5423
Africa,2020,7059201.2166,4701477.3152,85180473.2686,1159522.46925,8565615.12277,24691400.3853
Africa,2021,7423639.69377,4927970.5831,86714684.4189,1195173.1827,8749370.067499999,24952512.0989
Africa,2022,7431502.6397,4995157.09975,87050237.0374,1191946.44053,8922146.17087,25184731.3655
Asia,1922,901753.080065,1655627.00683661,67188671.97424799,751080.7597484799,5072008.741276,8215531.743446
Asia,1923,957615.0558135,1780358.72867234,67712072.35411,759909.8015506,5122297.819466,8336304.316670001
Asia,1924,1000374.5796119999,1881506.5647895301,68209490.871212,767966.20137003,5164410.65794,8438410.386054
Asia,1925,1027071.5581833001,1870637.03259967,68462007.27789,772055.5834443,5315725.748777,8523859.816008
Asia,1926,1044349.981878,1876464.12083169,68754125.687887,776243.10977673,5427264.185667001,8584148.260866
Asia,1927,1115815.217348,2024966.44134164,69390111.610935,785482.8757511199,5498758.633994,8727840.693995
Asia,1928,1135802.5027609,2045694.50394185,69809665.115803,791553.6354074299,5555778.550364,8809633.014955001
Asia,1929,1198155.4789235,2116336.2003422603,70407601.987607,799463.4714509001,5599450.76442,8981308.544549
Asia,1930,1207686.3839579,2211762.6477022,70793001.324692,805305.9341346,5610808.03106,9053584.339094
Asia,1931,1201439.9923178,2192054.59930666,71142267.266304,810434.25955347,5658288.678354001,9108702.734308
Asia,1932,1208716.256967,2191089.27404945,71577002.276468,815800.8790459,5678309.20179,9202665.437055001
Asia,1933,1284584.431174,2378301.98642792,72340265.93383,826343.35262292,5697613.310024001,9350973.460564999
Asia,1934,1407090.8491524,2705084.54657229,73344044.737335,840362.8934871,5713610.1671629995,9561514.361688
Asia,1935,1503006.9210524,2954781.49335322,74211226.967733,853172.66249427,5729502.8750599995,9754608.241572
Asia,1936,1603952.5686701,3226669.23846688,75024054.19873099,866098.01148844,5807904.678645,9947699.973117
Asia,1937,1676067.7325018,3303333.68526686,75770192.60924,877142.70041761,5877857.98767,10177256.044816
Asia,1938,1741664.3796896,3452722.02101285,76564168.458628,888195.9745755,5937463.194596999,10336188.445211
Asia,1939,1855935.9004923,3693585.940665903,77555720.6189,903728.20345746,5986988.86555,10553907.930585
Asia,1940,2024884.327231,4231213.59761366,78789833.218749,924483.53877794,6026256.138465,10672419.472968
Asia,1941,2062569.694175,4362611.282354814,79713204.970522,933923.606737884,6070569.433198,10728960.607015
Asia,1942,1946476.2517408,4088092.810731458,79781376.812527,931193.789210145,6088296.576429,10467123.251094
Asia,1943,2019580.3964930002,4071570.56399137,80226307.718929,928767.369864164,6126502.280100999,10764637.013148
Asia,1944,1957631.1964935,3923633.87443664,80401527.211363,926850.1286948901,6174115.65883,10609843.132772
Asia,1945,1618314.2008734,2933591.71960187,78634962.740758,899863.026920284,6217189.7397650005,10484946.260708
Asia,1946,1603790.6654504999,2783474.431460725,78507083.740353,897811.04312131,6312937.280953,10629875.070697
Asia,1947,1674411.3684824,3062124.39441736,73718309.740886,826974.70434024,6375008.203504,10082496.803065
Asia,1948,1752909.8837412,3168019.106770926,74302397.545053,831944.601263034,6485127.780062,10520208.931673
Asia,1949,2017975.876809,3789304.45419248,75887818.623044,854797.2252478601,6645694.500418,10983624.432141999
Asia,1950,2236030.942973,4346666.285841503,77208190.597409,859163.39999131,6809316.872696,11429742.429043
Asia,1951,2501029.97627,4944776.706618878,79843339.221002,887339.8155864449,7084861.2678000005,11839671.257242
Asia,1952,2712147.0647319998,5891280.6478037005,82442088.520153,916938.41215598,7328095.936255,12254592.73067
Asia,1953,2934353.410338,5867532.04086954,85074196.127915,940904.825716494,7570964.00104,12709804.300915
Asia,1954,3220821.526433,6377843.39519986,88401851.10987,973212.57272393,7773609.81409,13355723.824867
Asia,1955,3574786.180946,7110535.339126309,91974619.1486,1008775.5075172699,7940729.4824,14201083.344655
Asia,1956,3864986.556142,7793793.8727619955,95613621.863775,1095769.3067438959,8127637.143990001,14748037.17716
Asia,1957,4343496.7291830005,9181580.676805051,100181059.15712,1192831.32943674,8342490.14809,15435306.84409
Asia,1958,5279700.99636,12145845.192004425,109235783.99384001,1360271.64166571,8610462.605976,16631719.45647
Asia,1959,6063319.548566,14232423.4643042,116941618.74492,1503681.0062064999,8885157.845835,17648831.5182
Asia,1960,6684986.294846,15493816.33674404,121422957.50772999,1597814.3121681002,9083227.87191,18437740.04842
Asia,1961,6417573.39973,14110508.68854366,119555983.19853,1501493.4486985,9392207.065524999,18679047.87339
Asia,1962,6548101.3253,13815618.217435,121177091.9227,1448936.9626924,9680543.32137,19228330.4805
Asia,1963,7025401.55146,13888952.2559321,125470152.8285,1436299.1394989998,10118799.23872,20026024.5359
Asia,1964,7520497.73023,14477147.256609,128842927.8158,1419236.369498,10213108.83674,20906202.17065
Asia,1965,8164596.59725,14987371.908685,134842161.2459,1411658.08658,10916772.07419,21948465.51345
Asia,1966,9125978.46535,16389111.468461001,140111757.7832,1472219.3641010001,12123225.36014,23284640.1822
Asia,1967,9667329.853160001,16622526.53439,141702949.2608,1487444.17212,12812182.223240001,23854644.55576
Asia,1968,10832836.40264,17805322.812245,149115427.6594,1574841.59247,13766235.21675,25775996.5887
Asia,1969,12002766.40382,19341900.328994,157047372.5056,1658599.69796,14188089.00263,27543281.63896
Asia,1970,13396549.15351,21782131.74738,169034993.7428,1760923.429925,15812661.251090001,30866926.3502
Asia,1971,14229891.7704,22354356.572074,175192460.57279998,1874797.2172810002,16179107.70099,32002956.370500002
Asia,1972,14897372.4995,22815753.467445,181081487.6945,1964624.579658,16542982.52363,33627534.501
Asia,1973,16075198.97365,23716835.018685002,187067295.6396,2044413.626895,16947785.00378,35726018.6177
Asia,1974,16503303.6703,23615800.495514,192305329.59829998,2081518.0670999999,17274569.51149,36623489.5102
Asia,1975,17293803.08835,24979169.10902,202287232.1336,2186338.86666,17661040.85243,36847829.232
Asia,1976,18040725.80078,25342640.06295,206143114.5642,2277620.577296,18005139.55912,38480660.0444
Asia,1977,19239850.2152,27161857.933679998,214671079.7353,2391132.070305,18426591.02301,39528740.81686
Asia,1978,20397025.1695,29019973.13975,224646143.8223,2471562.62372,18878884.97011,40309925.6082
Asia,1979,21312579.00206,30074365.807150003,232485670.44,2511594.7890999997,19309894.573259998,41387900.56864
Asia,1980,21603618.283099998,29761151.75204,235919680.8041,2456529.3783299997,19554422.84296,40677967.80916
Asia,1981,21533537.3175,29832908.42377,237107199.29,2443094.9240650004,19903985.75387,39933373.2359
Asia,1982,21856203.0151,30423463.05087,242365492.76020002,2461859.4513299996,20297414.43313,39644730.74295
Asia,1983,22717739.9041,31655057.23754,247118416.67569998,2531876.211806,20676626.47276,40142363.0715
Asia,1984,23717236.310200002,33108461.67054,254541500.0001,2637771.2908059997,21100226.05227,41158345.7055
Asia,1985,24116536.1971,34172394.68408,264792222.5535,2681150.0733999996,21453805.08106,41705538.9039
Asia,1986,24959547.2023,35294388.8441,269933361.0373,2748389.07431,21946648.29713,43285239.5142
Asia,1987,26469103.4966,36616053.44146,278463876.174,2832309.1440000003,22400172.972430002,44817835.876099996
Asia,1988,27948379.5839,38335341.4914,287987957.4634,2940486.5389,22837746.455229998,47028971.4302
Asia,1989,29210076.7851,39353827.94956,293585354.6687,3022274.9878,23311097.81444,48771355.5655
Asia,1990,30119527.9562,41808133.18615,300543204.941,3128415.95747,23714095.8234,50379412.9268
Asia,1991,31138864.9569,43017864.9599,305794700.5723,3176938.76066,24094869.6614,51844745.041
Asia,1992,32389600.1886,43279512.3126,307362386.5013,3166582.70788,24576830.687880002,53372531.2525
Asia,1993,33911946.979,44547759.5584,315830803.0484,3275091.35749,24916865.37248,55527715.3693
Asia,1994,34748781.464200005,45930016.85,312903219.425,3400849.28617,25209608.11677,55967375.4287
Asia,1995,36724932.3888,47921185.2607,320419360.2476,3604617.72544,25532572.44508,57724883.7424
Asia,1996,38265041.9401,47379214.8362,315480025.673,3520716.86652,25938990.99383,58989362.2153
Asia,1997,38078146.9895,47675701.7124,323500983.0273,3597434.56445,26345377.94355,60254635.8635
Asia,1998,38070923.8305,46217128.5903,318755160.352,3366853.4338700003,26634695.50183,60340448.366
Asia,1999,38788921.4175,44422953.8283,317157244.557,3299129.6068399996,26921157.49766,60778657.689
Asia,2000,40260857.8992,45174600.412599996,321753605.71999997,3231951.0049400004,27162706.14407,62303805.921900004
Asia,2001,40845501.3773,46687453.729,318282412.518,3265261.93148,27309417.31962,62090321.7424
Asia,2002,42243883.724,48320334.5423,317120437.616,3290227.48868,27955074.30675,62687989.5292
Asia,2003,45040589.7655,52107151.625300005,327389734.232,3362138.4107399997,28209256.599579997,64263550.2335
Asia,2004,48640941.919,57734755.370799996,337281945.42700005,3489114.3967299997,28818127.7003,66420213.4159
Asia,2005,50994826.258,63849878.1453,345146147.609,3585482.38064,29403578.62537,67816344.84
Asia,2006,53574957.451000005,66213787.8985,349721236.079,3634235.6734100003,30345391.53264,68531195.6013
Asia,2007,56173239.491000004,66356698.2204,349918141.257,3662075.69769,30849300.7097,68814405.7996
Asia,2008,57145208.195,64261814.4387,342569855.03599995,3698504.15837,31293060.334999997,69221102.3698
Asia,2009,57656404.1745,61557974.279300004,344427983.836,3716934.78838,31598408.6971,69512347.2948
Asia,2010,58315110.3275,59773443.28,344816940.613,3782851.78688,31857735.3615,71718454.3172
Asia,2011,61533991.156,61579810.025699995,341522547.504,3762156.44544,32426921.4517,72993740.5096
Asia,2012,63410632.790599994,61292103.8883,339791176.439,3822806.40498,32930567.4121,74589725.4866
Asia,2013,62352775.8933,58397575.6246,337313678.365,3713593.97208,33115998.6219,75018839.4198
Asia,2014,60928980.3134,54851395.743599996,325388219.0783,3597634.00808,33258044.38656,76066776.6755
Asia,2015,59751578.48,51654332.4424,314648797.3135,3437180.8039800003,33393159.89897,75812794.4184
Asia,2016,58607536.986,49141877.2015,300308702.2477,3327589.2542,33668122.80107,76038157.4024
Asia,2017,58824886.8705,47551137.755,293768747.08,3326891.99055,33849801.5762,76236577.071
Asia,2018,58583679.165,46660805.9395,285806622.917,3253636.68835,34129034.907,75691440.167
Asia,2019,57125713.885400005,45840073.372,276595361.25560004,3146592.9059800003,34400114.48415,74597824.5264
Asia,2020,54650466.1314,43690604.1673,267326891.66599998,3055250.42668,34560282.03394,72533850.696
Asia,2021,55798908.208399996,45271875.274799995,264003459.78699997,3053743.80958,34819901.99766,72379262.7289
Asia,2022,56026959.096,46771064.5543,259986371.7462,3036512.70793,35071723.8303,71653490.5078
Europe,1922,3006767.6263220003,13989459.4811766,61823145.10603,579899.3728415,3366183.749718,7348705.40028
Europe,1923,2643229.777618,11951716.6600304,63851993.95774,609814.2965917999,3404345.39078,7332580.7333349995
Europe,1924,3109398.804511,13919485.8235429,67683880.8602,671935.3240883,3436084.932497,7677596.60846
Europe,1925,3288409.9070236003,13970801.5165463,67529103.7976,668956.0865665,3567596.801965,7792889.085200001
Europe,1926,3098952.789346,12970382.4672264,64318934.133200005,607462.1456490001,3660928.069418,7606118.71727
Europe,1927,3558648.3918215,15512951.7588052,69546638.6627,700007.3550335,3719162.407684,8031394.67789
Europe,1928,3607790.300007,15661809.433911301,68534934.2017,680186.741406,3761699.613732,8039497.06445
Europe,1929,3898602.1808895003,16866855.0606599,70789422.3862,711779.60983,3795865.2831969997,8283560.62778
Europe,1930,3775520.3218047,15697599.651797,68262969.69946,667381.1793043,3797682.572045,8344559.3494
Europe,1931,3655933.973205,14597899.8990933,66570167.285,642772.2982151001,3826197.062051,8302551.308355
Europe,1932,3489851.3063907,13898979.4290091,64658010.6488,616234.7899974,3826961.819363,8159519.71855
Europe,1933,3645679.9662185,14200174.8243724,65558422.35813,631275.1198188,3829449.236969,8281039.1402900005
Europe,1934,3997913.677482,15574820.9852273,67828961.8242,669757.6716929,3828889.712396,8550521.96639
Europe,1935,4236161.6959805,16612024.6207107,69249354.2449,695732.0366682,3827052.7813959997,8702481.98756
Europe,1936,4491149.537518,17586000.409363702,70402926.8056,715183.402814,3883256.01223,8886798.15218
Europe,1937,4848549.1851463,19227926.6381821,72594993.67755,752631.9363470001,3931203.39866,9110224.03824
Europe,1938,4960522.29864,19697588.4899263,71464476.9356,738420.7819765001,3968193.8760639997,9136080.77739
Europe,1939,5034048.5484563,20332128.4358861,71868418.41075,746539.4903716,3995318.941856,9176161.222035
Europe,1940,5370590.3474597,22229193.746265702,71780918.33809,766566.2734817,4015167.902394,9210330.019055
Europe,1941,5121823.749726,21669315.968251,70953449.34167,773965.2066443,4005220.112362,9016665.91617
Europe,1942,4849779.8155815,21105622.1945443,70101049.52356,775838.2184481,3974934.252294,8856207.74226
Europe,1943,4985756.4978794,21838692.6962355,70105713.06884,794488.8146635001,3961743.568326,8838770.58467
Europe,1944,4711172.8187196,19792742.6900612,66000814.7921,740647.9121356,3956887.948554,8649123.292654
Europe,1945,3412644.718551,13931413.2015385,56631488.252059996,551726.6116713,3942529.341707,7620278.5049600005
Europe,1946,4135745.6681883,16227284.120377,61607258.4226,643866.3090477,3982089.890315,8085323.340736
Europe,1947,4810597.1294495,18036337.6888191,63814497.80876,668355.0628615,4039205.9224810004,8625960.576665
Europe,1948,5308469.2103717,19505910.7197623,65568603.9076,681423.8009107,4089586.063685,9008416.53364
Europe,1949,5747524.43812,21418648.772785,67337990.90484,699007.9594646,4179517.044464,9349184.87163
Europe,1950,6245134.063161,22853784.739911,68187385.55412,701954.2088217,4255619.0901029995,9690985.098439999
Europe,1951,6877147.284306,24781499.0979085,69583202.6893,741562.4611001001,4401606.691235,10226500.718969999
Europe,1952,7180413.600055,25950544.9616134,68762011.74627,756500.2992971,4531417.081883,10472155.878996
Europe,1953,7467306.838227,26682125.8660758,67622918.4592,767239.9679274999,4662115.0169440005,10704202.812215
Europe,1954,8029857.907326,28276131.9624561,68008862.87944,800820.759653,4768871.336184,11194001.650104
Europe,1955,8785411.824229,30380552.7402835,69001021.35855,840464.0303231,4845879.896797,11891918.14815
Europe,1956,9444998.962895999,32073116.595156997,69941669.8401,887661.1233671,4927381.450255,12576203.269229999
Europe,1957,9972375.255104,33511703.5966916,69477963.49242,912118.1787951,5032604.4270359995,13027486.734900001
Europe,1958,10375084.175812,34039906.409937695,68020177.0275,917231.1468253001,5164813.4260100005,13490420.31542
Europe,1959,10864234.999614,34899822.9150676,67232467.39903,923137.3331329001,5294293.546084,14008010.43065
Europe,1960,11695194.54612755,36567727.026760384,68907004.2225924,961317.479608495,5376708.550063,14823381.3089801
Europe,1961,12384149.821283761,37911894.46061013,68093705.2570698,969637.057972166,5397852.13982,15428965.23348578
Europe,1962,13304920.08641433,40191362.6010184,69522406.1465978,1025469.597661796,5637369.960842,16356323.107302781
Europe,1963,14311224.0941074,41924292.50136113,71721001.9356488,1084556.61825651,5822595.388058,17395990.94231123
Europe,1964,15133507.469691701,44185768.822412476,70748256.186469,1083321.661741257,6075013.1118870005,18331087.98084784
Europe,1965,15819963.92142318,44655832.43972748,70853284.9522902,1091170.200094768,6412030.314847,19054117.36229856
Europe,1966,16467525.157427631,44783840.25110232,70074213.4103137,1034696.31783287,6670901.835628,19734836.91191355
Europe,1967,17120121.14185232,45010268.855284035,70535772.0266594,989256.383053184,6989522.945314,20450673.3124129
Europe,1968,18040701.76513055,46058644.62318089,72628829.2343236,970157.9794790599,7296380.231453,21390925.7534166
Europe,1969,18957779.21346353,48034482.15768536,75513121.2803076,960026.575810974,7487253.292975,22398568.9305429
Europe,1970,20476870.59451677,50590001.12863365,78807141.2251795,962918.5475978,7993606.0178229995,23721749.41839296
Europe,1971,21333896.4205565,50994890.45830482,79807294.23026499,935298.7190402,8238501.511414999,24447260.97504744
Europe,1972,22313070.814259402,52289636.66517319,81080873.961741,935155.93011814,8383905.271775,24934258.1437736
Europe,1973,23915078.9309956,54951446.66105539,83821776.364909,956448.95392399,8569243.022892,25543847.033262
Europe,1974,24299892.40703636,55250712.49882142,82526050.8228367,948374.97231542,8729872.680104,25248572.4965483
Europe,1975,25088259.14036558,55146865.18245923,85528791.066098,943692.94631288,8960399.712584,25448674.99634944
Europe,1976,26385794.26701933,57985644.01073076,86827193.5984423,966089.67328202,9005355.643159,25997736.0224682
Europe,1977,26854277.28348795,57041236.16071283,88375807.3147675,973031.42188258,9151079.651196001,26428413.4543711
Europe,1978,27681893.574462168,58188891.431142405,90372249.5401217,992873.87664707,9497787.669395,27094462.348461002
Europe,1979,28551251.250047628,59636688.30888506,92153890.624716,1003923.00727369,9645865.098428,27619461.0792185
Europe,1980,28525932.8278373,60443063.91530777,90268037.806793,995399.843094105,9649566.448017,27735560.540737398
Europe,1981,27959578.1832436,58073536.97040045,88171983.3042286,958834.31038743,9707666.016668,27297003.8089971
Europe,1982,27856981.491024658,56468082.0151913,87674178.343844,947353.61164377,9756686.487499,27213737.3905088
Europe,1983,27789209.850796998,54403511.778997,86427424.752589,927580.63163798,9835837.078833,26871984.2305897
Europe,1984,27771417.84760147,53009371.85473348,87299569.6539495,905786.530109606,9958193.835747,26842759.1250441
Europe,1985,27921023.9717157,52317265.01531313,88383137.200498,894650.273070115,10083507.874718,26177098.1073899
Europe,1986,28817702.526177302,51247008.206704244,90028309.3643215,935050.64736858,10161643.076993,26651683.0736183
Europe,1987,29605558.599745803,51014957.96084932,91340125.2822456,941105.00997208,10129985.545647,26868100.3615527
Europe,1988,29748391.5013448,49024725.01376067,90896083.792407,940569.36464873,10055420.05292,27086090.5278354
Europe,1989,29839136.055195,47216316.59646008,90040409.8640646,925214.08257116,10022519.225449,26805921.0285382
Europe,1990,30456828.09221,46716083.42176328,87281637.3878087,932040.8111893,9695983.136206,27032266.4162659
Europe,1991,29160814.0154826,43252585.38566696,82458557.4844874,903880.39974196,9245974.549454,25246164.2236069
Europe,1992,27621494.59231245,38250363.53422506,77341693.9389047,813316.49999758,8648918.59661,23955443.0536824
Europe,1993,26373503.2740545,35096398.63613138,74053410.016985,750548.55742085,8317893.1196719995,22757852.3194818
Europe,1994,24223657.032309,30791915.86044493,66845042.0658914,679335.66727235,8015568.560441,20945356.59311
Europe,1995,23134924.9176478,28434875.17176896,63913672.208341,649984.02447965,7641116.461889,20173186.6271844
Europe,1996,22547035.530457098,25657997.55541218,62013271.630526,637405.59787078,7494097.83835,19651105.654525302
Europe,1997,21437356.75878256,23819661.777182788,58722729.220493004,614302.7924136401,7233836.073896,18978980.1572158
Europe,1998,21051544.91991713,22196540.005314432,55397240.198690996,590730.16465872,7057478.142584,18374195.0048279
Europe,1999,20317123.1188841,20019119.86816596,52995632.225114,559692.1084477999,6950373.801168,17631311.6305209
Europe,2000,19748570.745554402,18936547.46463039,49864791.832508996,521843.25371647,6831029.374115,16911760.6230155
Europe,2001,19551384.30665295,18083649.229318384,47989814.691897005,524888.27705192,6736922.079913,16483211.8674733
Europe,2002,19199816.92663274,17428387.63396873,45747864.368222,519406.84983932,6678350.782124,15968101.6277943
Europe,2003,19180036.2568349,17067110.13033858,44916492.869133,529516.91295414,6648975.2111844,15632022.403282
Europe,2004,18866224.3629114,16025444.35405353,43806101.767673,521761.92936966,6456972.4320427,15222806.5536147
Europe,2005,18474654.6163557,15289316.81704753,42065522.253412,523506.09700778,6338442.197668999,14842884.1220094
Europe,2006,18328230.42896905,15206139.62316508,41044091.685944,521516.78018859,6306311.276409,14759135.761772301
Europe,2007,17874943.2135468,14892416.97564497,40439076.753517,520247.22901545,6424846.3572855,14269429.1368073
Europe,2008,17008824.1745034,13683247.656386595,39629388.204181,536136.03831653,6325112.756119,13884697.4099605
Europe,2009,15670643.74259095,12636808.061210886,35973235.301027,512534.33462318,6268197.770771,13105934.5928136
Europe,2010,15586223.2266086,12171552.51201051,37234315.510299,504020.78763364,6361151.431944,13130063.928327201
Europe,2011,15389416.29668355,12684889.77697524,34989032.020117,488916.62492577,6285748.429775,12700156.0950531
Europe,2012,15112025.852591,12278681.88540436,35203667.190231,498013.76254869,6363433.8430304,12613595.205424
Europe,2013,14467172.3622157,11137518.14264138,34035958.5197475,470562.93412183,6399160.0470256,12317494.4005984
Europe,2014,13815435.8233503,10474430.917545086,32177716.182127,449763.4840476,6416204.9605104,12034201.7351036
Europe,2015,13417501.5651093,10180334.225545086,31527434.976227,449735.1799486,6526029.9077147,11885871.6033936
Europe,2016,12895024.3057663,9531251.914245086,30934108.993327,442388.3011936,6604448.1423337,11806950.8096136
Europe,2017,12624216.5307103,8915352.815895086,30455670.948727,432336.1084346,6483575.8536253,11849862.4994936
Europe,2018,12377583.4701673,9251684.576425085,29875102.401926998,430818.6520346,6411191.8286066,11790109.8331536
Europe,2019,12091562.4792133,8777384.669075085,28926590.998027,429663.5531006,6379348.6926115,11633475.4421336
Europe,2020,10985091.2252023,8237959.506967086,27101651.702327,408966.9611206,6362797.4089464005,11513876.6631536
Europe,2021,11330790.9821923,8244105.530748086,28095654.157426998,420095.0051336,6342010.336865,11568855.6242436
Europe,2022,10775340.112586299,7971969.9598910855,27281258.300127,415883.8847026,6337945.12349,11475047.0716636
North America,1922,6360299.951083,15527438.553917259,65914937.29241,743567.8169473,1338357.551527,9413694.94595
North America,1923,7805442.6065206,20573396.3496579,78741236.46658,925986.8154954,1393958.965085,11048830.264705
North America,1924,7395430.368344,18511768.8347758,74246870.26983,844786.4370204001,1407998.084878,10585630.206819
North America,1925,7658185.5992117,18664056.53235515,76480516.54776,864273.157944,1473014.315879,10933110.110335
North America,1926,8074247.76888,20471471.19566255,78476696.72065,892762.1936835,1524090.799189,11263248.690378
North America,1927,8762471.9407993,20084449.12363225,80124063.94461,833338.865349,1572445.823525,11905645.378821
North America,1928,8941363.8063726,20147773.9255975,79116913.60019,785922.8439316,1602298.59688,12006874.310247
North America,1929,9846624.957457,21757168.86305414,83119819.83407,791955.9284466,1644124.6548000001,12843559.711148
North America,1930,8922013.24030126,19503540.75258892,74949937.597308,691355.3951930201,1646963.561667,11811813.6072584
North America,1931,8074866.305336,16144387.5262047,68349135.87181,597823.4874064,1628482.799112,10974076.617293
North America,1932,7302325.3836386,13065526.8159828,62628778.32021,520728.1136926,1613478.8923139998,10209015.158413
North America,1933,7913321.2645769995,14196083.4789129,66507622.03047,540132.694295,1629143.2167520002,10946874.435267
North America,1934,8174256.819476,15615057.3503098,67721079.47124,560231.36598,1631436.590238,11146083.85094
North America,1935,8678963.4917293,17276963.4261939,70551440.76322,565148.3646485,1642547.28662,11688584.185706
North America,1936,9660009.9995423,18936163.390094,76499780.47784,620273.3176876999,1684458.902212,12692655.71581
North America,1937,10659088.094533,20069429.3089464,82368619.84804,629888.7689325,1726764.823226,13827162.67726
North America,1938,9759865.895364,16625083.913715,75856204.70179,541610.633183,1723439.0328660002,12936256.57206
North America,1939,10420500.030322,18559384.8469302,79765617.0353,577888.2400860001,1747934.7917670002,13644330.919044
North America,1940,11477047.877065059,21018681.202061508,86305873.61509919,628027.398045466,1793084.4593587,14679619.8638264
North America,1941,12163827.048276,23095969.5879464,90187721.3228,668635.787869,1824416.91623,15159560.38926
North America,1942,12172674.745262,24812853.9962686,89378998.9763,708034.9132370001,1842873.476113,15276219.51209
North America,1943,12893077.292875,25180130.2404046,93261853.1001,718731.9025859999,1889412.44584,16056349.630619999
North America,1944,14205633.94162,25895203.492859602,101152371.4818,752416.940006,1955608.016436,17488972.00498
North America,1945,14250867.685485,24283316.4641818,101195566.01359999,714299.9649789999,1992738.07498,17655100.00843
North America,1946,14077755.895203,22701602.211635,99640417.6979,655905.143447,2041671.0785299998,17612275.80831
North America,1947,15079152.469754,25707518.2050005,104883965.5618,675502.15744,2121722.09518,18712750.54171
North America,1948,16084337.04318,26373713.6937056,111338925.2254,663927.7022859999,2206383.74804,19953114.6728
North America,1949,14050451.412538,20917600.3630784,106443420.4631,717742.1309560001,2247328.94659,18602563.65602
North America,1950,15281205.769676799,22219165.93659512,114306068.68124299,723320.196119139,2369088.8416909003,20225613.2454812
North America,1951,16289810.03705844,23333144.88217787,118885749.3585877,693109.148474243,2471288.6271949,21409971.841978002
North America,1952,16514905.0296249,22483528.57006003,120201397.8033517,653946.8939180531,2557248.4104055,21738717.4521862
North America,1953,16974157.21341765,22968746.208742842,122959220.8138936,612135.504216342,2651932.9346177,22422521.829246
North America,1954,16842544.74407466,22285818.960355923,122024448.8714253,572612.526006657,2720602.6915613003,22288722.380112
North America,1955,18045887.8125114,24472531.86224223,129446811.59663829,579563.075670183,2810873.0650686002,23821190.917542998
North America,1956,18545899.04018905,26016390.9113005,133175579.7552814,570124.1263896801,2891384.302459,24725602.60894
North America,1957,18243649.36835977,25158914.60492267,130065685.9733343,511573.33043062605,2959619.4747446002,24563633.9271206
North America,1958,18274260.3010955,24107729.9551135,130876055.5145125,497192.562731675,3052276.2690397003,24428694.1008164
North America,1959,18602294.8997273,24385655.617228303,133172498.5361183,472897.40274578106,3149842.344816,25087846.442959
North America,1960,18933443.15513145,25527178.630268842,133472482.5063654,467412.47528453,3217601.5642024,25284011.732917603
North America,1961,19168522.16732516,26163425.103729498,134454161.3004582,455074.7853722,3268528.1019710004,25566307.6234383
North America,1962,20015064.601277903,26988196.66358367,138846214.1159715,463055.88840989996,3420708.0657127,26345303.1406698
North America,1963,20970569.82482365,27755261.9288838,142717512.6746901,458045.0323756,3556464.6095547,27113538.6106534
North America,1964,21999752.9452934,28995684.2573707,146953577.8715064,453408.02735237003,3656977.5903227,27903827.4509063
North America,1965,22881260.0189806,30489058.71906444,150570470.31582502,457582.97719414,3871771.203113,28676796.2406594
North America,1966,24104957.6064274,31878043.25453325,157156287.4445321,466255.20847616997,4085256.554215,29924353.1979054
North America,1967,25063246.5656299,31399621.32968533,161288135.9438361,457983.8306308,4269080.143244999,30919027.4902126
North America,1968,26699091.2959559,33234318.2276687,170781694.3903507,469650.36153666006,4353672.2128785,32382119.179453
North America,1969,27746798.1436724,34588216.18773128,178486198.7265754,475712.34001289995,4470532.402757,33571972.9202786
North America,1970,28475788.9296797,36451256.897311404,185827810.296728,463589.25762994,4685821.3557515,34793362.3029003
North America,1971,28858352.942446698,35595077.63769607,184830066.169868,489735.298442,4740905.690369,34505237.491739005
North America,1972,30023721.1464645,36924582.72751,188209280.628636,491808.36957511003,4767896.998703,35163857.429382
North America,1973,31141881.1787003,39012705.50959465,188759567.77017102,503579.64791408996,4834585.6299385,35187808.229499005
North America,1974,29932533.02458,37011285.14851232,177951163.136864,495963.1891209,4849240.190825,33714140.753162004
North America,1975,28636326.5924572,34655635.75672622,172846647.437397,486082.99532438,4992235.131015,32625521.884668
North America,1976,29986636.5592848,36034491.22375037,179289571.695882,506357.7067997999,5108097.398274,33338899.079648998
North America,1977,30887692.125216898,35943368.673539,182076084.93728,519425.23214848,5124285.2381690005,33988349.692553
North America,1978,30909389.678362,33526544.8355069,185613823.06273702,537137.7077732,5183653.252351,34435032.686881
North America,1979,30916580.7940432,33207272.6520221,177679029.272663,563803.26012753,5263964.131981,34208342.032198
North America,1980,29661614.1152483,31949469.282839548,167254235.21631497,510208.9538872,5405936.357347,32888863.364945002
North America,1981,29185537.0177358,30573309.1230321,165086173.853118,500363.24119891005,5452299.880944001,31874653.273904
North America,1982,27660125.7867925,28803791.99514715,161540717.30817,478058.5670564,5286550.029023,30790141.526995
North America,1983,27329610.856783498,28135018.330224182,160566124.790193,475502.55045364,5412299.1918315,29839791.115715
North America,1984,28325190.4073672,29086390.114256456,159012026.024025,483160.75280324003,5472233.367343,29296668.396858003
North America,1985,28093656.9297521,28675837.236062497,158521815.22050002,466325.4477832,5433510.213796,28599700.001186002
North America,1986,27712661.691315003,27993272.971803,154123388.31682,462449.7116239,5398040.542488,27932940.484262
North America,1987,28232746.537288703,28677101.2448146,151942103.49476102,470606.37513766,5492633.415624,27735670.249994
North America,1988,28960321.0367757,29243274.0855798,149810993.07804298,485855.25278722995,5468057.0043359995,27322679.112742
North America,1989,28902237.8835753,28918304.795474302,143732905.811397,482846.388597,5606654.087246,26484232.150394
North America,1990,27817837.382951997,28139611.18595234,132759829.772318,466967.1331802,5583789.9609280005,25053758.569219
North America,1991,27440006.714360602,27272254.76125776,129062950.109354,450103.6928454,5582925.829355,25020430.459397
North America,1992,27612903.845894,26980416.817678597,125909134.470303,435174.0909993,5688185.206508,24655075.708468
North America,1993,27441517.2740126,26636068.2870776,120461666.80414,417015.5397689,5748809.254563,24054112.994822998
North America,1994,27502631.464068,26251055.0805481,118815637.892042,418563.0869818,5843830.498497,23963281.645179998
North America,1995,27217090.944492,23757698.11479,116067530.27423,407513.9687964,5902335.779364999,23679455.622789998
North America,1996,27010879.962331,23682579.35711,110290790.02182,418207.06836279994,6011896.687013,21110059.851152
North America,1997,27258594.463299002,24233136.240135,108698569.53492,416391.6946906,6134992.63002,21099496.92323
North America,1998,26973962.030021,24383742.74402,107040472.72672,403404.0617281,6279335.967231,20627872.2253
North America,1999,25498232.828492,22782770.077969998,100928433.75428,396460.7557681,6242184.291048,19661569.080786
North America,2000,25460756.434846997,21743859.954225,100890023.23526,381186.9614262,6320136.806582,19249034.771169998
North America,2001,24481103.925764,21390565.81423,96880246.6146,379004.0894413,6140429.416077,18977381.19544
North America,2002,23482638.956821002,19714510.66601,84425122.77484,375079.1950024,5741647.834344,18620229.949716
North America,2003,23127923.771410998,19963847.748010002,79573239.10398,381412.9463264,5759462.268877,18196235.423236
North America,2004,22248244.135708,19329312.787616,74904984.88509999,399290.9488833,5813001.599596,18057086.871460002
North America,2005,21955153.291738,19261276.10334,71934143.16063,405993.27132520004,6103206.5075,18189412.3247
North America,2006,20929323.098021,16957230.40817,68725854.34186,404830.99109,5996559.594597001,17889861.28413
North America,2007,20494493.787014,16305601.550090002,64382055.75933,409448.266493,6243564.582514,17607752.1551
North America,2008,19266826.628432,14933107.0432,59913159.290759996,401914.653451,6091423.082873,17137876.12302
North America,2009,17144721.21323,12263941.37429,56145441.52093001,384509.932733,5901101.1125260005,16010217.21902
North America,2010,16974534.551959,10869146.18654,52055294.04854,396042.6606445,6018218.408205,15804444.08669
North America,2011,16910034.534184,10675078.56237,51936454.3358,371200.757286,6074228.655854,16222027.20308
North America,2012,15866911.355157001,9329949.56066,47655068.427260004,351999.4126123,6092653.786841,15830615.673264999
North America,2013,15499103.8292895,9104508.28761,48525751.31894,358822.319684,6094065.099413,15613966.136105
North America,2014,14824473.276735,8716405.41472,47060323.62625,350552.6017761,6009619.32725,15609727.911759999
North America,2015,14212308.229314,8132776.8287700005,45883003.9731,347389.88784589997,6077949.53792,15208754.043124
North America,2016,13590947.740067001,7248507.24876,42017262.32875,335133.9562931,6174386.860933,14926589.623569999
North America,2017,12842335.221969,6509361.827475,40728785.50676,326322.18710054,6258998.34533,15489921.38506
North America,2018,12479565.070923,5902421.93547,38691318.38553,324560.6737754,6675332.612827,15495550.71639
North America,2019,12021518.899564,5905153.60855,36767306.418,311196.49271184,6726204.523409001,15251231.637959998
North America,2020,10414549.903376,5249293.052565,32114729.36184,274351.6674321,6754931.159627001,14561573.49915
North America,2021,10650666.399076,5313368.370834,32951033.631539997,280322.8825834,6820971.90364,14644805.867944
North America,2022,10523868.754264,5171649.488515,32688806.44802,276148.70258906996,6875147.684782,14661643.33638
Oceania,1922,105733.1693233,254846.07133185002,1246695.7484499998,12721.3235678,192812.08841300002,148020.264
Oceania,1923,107606.6785984,276452.34915136,1247512.92771,12985.4695088,195957.518236,150939.174224
Oceania,1924,113487.5173035,305863.14191555,1257756.65909,13415.917579399998,199233.224055,156800.32622
Oceania,1925,117523.395869,329185.98044655,1259877.87608,13717.9085519,208593.36196799998,160799.65497200002
Oceania,1926,117925.05130400001,345785.86072365,1251773.64804,13741.831111700001,216258.79282899998,161746.532084
Oceania,1927,121598.74673279999,373236.60178880004,1260134.16792,13991.6849693,221511.236816,165558.178907
Oceania,1928,115009.9927977,390599.129905,1231824.56889,13687.7080951,225805.470283,162088.855756
Oceania,1929,109177.619971,395063.73322416,1206343.88345,13403.242097800001,228647.079585,158935.096618
Oceania,1930,105483.81409,385589.51034356,1184571.45247,13228.6669074,231452.036077,157755.541284
Oceania,1931,99067.919021,346527.09559093,1122406.39211,12482.9851203,233790.236114,153530.408569
Oceania,1932,100349.5388996,363067.24621904996,1083253.72261,12118.8451035,235563.28578099998,154605.530877
Oceania,1933,103583.20558,375425.6750378,1073301.83483,12047.959894200001,236591.539297,157103.163624
Oceania,1934,107424.121772,377060.49497894,1080642.36032,12128.298236300001,237306.756687,159931.50372500002
Oceania,1935,113735.74553700001,411794.79767834,1077566.27144,12142.1447504,237996.67703800002,164340.7457
Oceania,1936,118069.1360733,429517.3563812,1092850.84634,12310.2123985,241300.076852,168055.40392299998
Oceania,1937,122515.4975115,476895.4707828,1114908.24574,12547.1049915,243966.246962,172039.52997
Oceania,1938,120577.6389852,464519.4351224,1113792.79792,12484.0855221,245938.517199,172142.22283999997
Oceania,1939,129621.128493,526681.4529943,1145527.95347,12889.7728647,247294.126171,179443.779629
Oceania,1940,123058.0588044,527309.3334990001,1154556.13804,12889.3943626,248581.176805,176981.61471199998
Oceania,1941,136939.88371,533182.6615527,1172139.387134,13175.1738516,250306.785641,186371.99772599997
Oceania,1942,142806.64244229998,525792.0759178001,1171990.79141,13219.2523433,251768.26246,190868.945977
Oceania,1943,141422.41708030002,493045.011605,1163356.25081,13083.7987882,253702.005656,190685.889887
Oceania,1944,141130.0147276,471025.92156995,1153116.54052,12958.714607799999,256315.541954,191550.335285
Oceania,1945,139109.7525144,504665.17705427,1140806.96561,12787.9055821,259391.973939,191409.969752
Oceania,1946,146908.354807,434772.4842187,1140786.06082,12873.3843548,265113.96541400003,197485.093318
Oceania,1947,154390.26275549998,453852.73545244,1135971.66205,12881.687819600002,272140.27970099996,202789.52585499999
Oceania,1948,157300.6940584,447652.97647546005,1129104.7123,12818.1078397,279706.774319,205819.332429
Oceania,1949,158146.1183435,431802.83996755996,1124976.348056,12767.0492769,289994.245981,208527.700933
Oceania,1950,291737.35461992,555488.509720246,1803885.732461,16157.16990186,301295.7719812,371632.0720196
Oceania,1951,319750.78320097,571383.43669827,1923274.638839,16945.39142811,313473.02335091,407295.2068875
Oceania,1952,329255.54963388,631506.50214095,1956625.540639,17480.44680495,323624.46401054,419657.81525100005
Oceania,1953,309768.47949163,653019.84960504,1812913.3896780002,17073.91946388,333174.54191401997,395420.4763586
Oceania,1954,367546.30593112,747276.72591848,2093164.971466,18631.7931655,341056.59296099,467089.0759896
Oceania,1955,394735.54784923,746888.484572803,2226493.084369,19445.72973837,346289.44481963996,506225.6486949999
Oceania,1956,417356.60855549,804931.160348955,2329164.942042,20106.04445325,353168.9024438601,537627.800791
Oceania,1957,428304.52681609994,818287.900551757,2381209.972242,20549.63775486,362590.88730882,558123.468633
Oceania,1958,445501.4312995,875190.511682607,2436475.520172,20976.277640250002,374909.07041269995,579561.240503
Oceania,1959,471183.78410060005,899307.92462054,2509619.9435915,21606.770720589997,387100.23111194,606823.5749163
Oceania,1960,522650.52573299996,940430.5594412001,2771579.99157,22461.5125009,394656.82252600003,662811.5922190001
Oceania,1961,538966.025746,937013.0605217001,2823247.92875,22639.6903108,393512.31100999995,684535.223875
Oceania,1962,564198.285529,915607.4771758,2888812.155246,23113.0666655,401800.11174499994,713244.3749059999
Oceania,1963,608597.488675,1017612.2068188001,3009830.84014,23508.783588000002,419367.829956,750855.4093490001
Oceania,1964,654658.6888720001,978521.1029881,3155318.13465,25376.7827879,424176.530723,800750.8700919999
Oceania,1965,695624.820618,956478.1129293999,3296959.70661,26469.6328608,436016.25870099996,851814.638362
Oceania,1966,731568.764239,1017996.1214992299,3381525.426524,27048.553710999997,449428.864064,866851.3277899999
Oceania,1967,775205.67929,1090884.0930736,3504543.277085,27552.481312800002,475884.653497,912955.068482
Oceania,1968,823279.229834,1298400.5097902701,3664979.13969,29133.9631253,491198.500719,961317.957166
Oceania,1969,866292.190206,1435749.68916477,3852357.13043,30635.504797700003,490119.404014,1014490.623824
Oceania,1970,926594.20208,1513965.6510607,3950480.86751,28379.1051743,508322.411496,1102078.0446849999
Oceania,1971,944670.6511135,1577653.73222565,4095144.923095,28303.871216100004,521121.906835,1131756.909212
Oceania,1972,968025.2674549998,1378764.77169477,4309774.644069999,28003.6035726,534689.430102,1191185.788399
Oceania,1973,1058314.1454825,1471069.76045826,4525177.0694659995,29870.6700828,514971.77369900007,1235797.2964879998
Oceania,1974,1138087.5893236,1420826.16041966,4665797.16956,29078.764898,533553.8800095001,1245904.845977
Oceania,1975,1166605.9125040001,1493731.5458888,4829182.343915,29591.6784626,542952.540014,1246476.3064610001
Oceania,1976,1188966.0013526,1496669.73126344,4921089.422959999,29571.2679813,552104.882045,1267607.410376
Oceania,1977,1280574.4012703,1560961.41431955,5095700.89466,30054.6260616,521084.98260200006,1315639.9386439999
Oceania,1978,1306910.3104,1589798.48865315,5190812.46779,30201.561808899998,508857.225581,1338462.8530510003
Oceania,1979,1325009.0161769998,1633708.7781244,5320295.8147060005,30331.8575575,507276.85854700004,1370303.599103
Oceania,1980,1370320.8257389998,1633347.8522474,5332639.06015,31053.0127116,512759.156557,1371078.8696579998
Oceania,1981,1379402.1856057001,1577896.64513255,5387031.926702,30654.054921400002,505593.071097,1390292.10272
Oceania,1982,1413711.9849983,1620273.2949105198,5492065.36584,30411.475650940003,507197.82393099996,1407013.313753
Oceania,1983,1381568.4819717,1531509.0392800197,5403538.31781,28831.599980770003,500214.48795499996,1407099.4172339998
Oceania,1984,1433083.9694917002,1558503.90745703,5554071.861485,29186.0506408,518927.528669,1448488.4949440002
Oceania,1985,1480469.001905,1558189.922167,5639719.040844,29030.865755,528322.3450719999,1451993.027477
Oceania,1986,1499281.9448726,1557773.88435695,5752281.97755,29204.52307576,538522.930923,1496203.447422
Oceania,1987,1553536.7765629997,1624333.1758443702,5783590.37433,29659.29715924,538587.40136,1516651.287191
Oceania,1988,1601402.376063,1650093.9594526398,6004928.863458999,30251.926612100004,555377.2573909999,1549281.226296
Oceania,1989,1669569.4227397,1732261.17214455,6220599.763767,31180.389952999998,569710.472486,1592613.3680669998
Oceania,1990,1719875.76485,1698245.8603732002,6554685.96525,33876.298581,605456.93093,1660663.265143
Oceania,1991,1663590.9443073,1690115.96861283,6153073.243648,33334.8281369,608283.672827,1626629.352178
Oceania,1992,1665909.214989,1857304.8000740802,6070161.28495,33789.4121272,607119.962549,1608007.1704310002
Oceania,1993,1651587.269953,1865881.7222348,6044287.14375,35382.4358817,622765.753157,1608377.554982
Oceania,1994,1639900.7749329999,1824618.68067376,5943977.557305,35140.45575615,645282.2251655,1572096.3419559998
Oceania,1995,1663719.1381044,1660993.6157592,5941490.019730001,35526.2989877,653408.626985,1586746.0464670002
Oceania,1996,1694134.1231061,1556645.38239698,5831566.19609,35099.069425,693799.522291,1532790.396068
Oceania,1997,1687934.2123363998,1338864.61632016,5709715.620406,34731.3069189,708958.201528,1508634.4374570001
Oceania,1998,1688896.1774420002,1359239.0642582302,5576076.528766001,33443.582006000004,742041.7319269999,1474737.193063
Oceania,1999,1686139.9645036,1484568.17921326,5441993.86716,32402.846715900003,781594.210669,1447296.763296
Oceania,2000,1688513.9893428,1615192.24059386,5335122.929446,31078.491544800003,772722.276718,1418582.773541
Oceania,2001,1670117.238071,1498481.58595657,4946463.52259,31123.770559700002,798940.5762309999,1357726.576149
Oceania,2002,1668896.8420607,1482777.9508780998,5115581.991705,32084.9108978,824868.8081669998,1346119.9593469999
Oceania,2003,1652750.1462982,1461488.6496775397,4910251.983038,32988.94991276,798633.1388359999,1283541.065259
Oceania,2004,1636156.9814934002,1475075.2686424998,4781731.0546349995,32799.89793156,840379.610599,1237045.726951
Oceania,2005,1651192.2601874,1474652.1955699,4433466.63783,33296.18242035,807277.6222679999,1175291.330517
Oceania,2006,1609336.97363,1490193.48600217,4301262.493214,33041.0087938,783533.728917,1170654.216766
Oceania,2007,1608521.3994405,1451753.0463883,4174541.810209,34179.64508617,775204.2157470001,1165416.108291
Oceania,2008,1576534.8277147,1538972.33916172,4050164.2639349997,34969.43670428,745310.1207590001,1153131.157099
Oceania,2009,1526683.514875,1483055.05440038,3600959.3228209997,33875.81074316,759961.908766,1130875.680134
Oceania,2010,1507705.6173405,1357333.98318765,3411394.737549,34233.66188075,780148.960472,1142803.0812063
Oceania,2011,1464185.385505,1400561.2579783902,3359266.0365999998,33680.29799553,820870.918728,1115843.6576374
Oceania,2012,1464982.0686234997,1392874.8286743402,3220728.522063,34881.5179657,845605.6477750001,1118875.5773727
Oceania,2013,1451576.5244352003,1390362.6972659999,3162470.106948,35605.815790099994,909089.7381409999,1123548.6771503
Oceania,2014,1455878.5769633001,1433588.7169534601,3033983.001712,35640.937613559996,920150.5162060001,1143170.7746098
Oceania,2015,1454738.3585782,1333287.8467392,2971188.582783,34963.97650098,891520.170172,1145700.487553
Oceania,2016,1421212.4917975,1194212.2265934602,2915980.843293,34795.92393447,915685.8982320001,1125738.8135027
Oceania,2017,1410072.9466512,1114808.70921649,2912704.325978,35374.27438096,941475.612008,1121056.661938
Oceania,2018,1433100.9782595,1177380.29130775,2813499.958773,36233.29292288,874237.2503059999,1121839.03081
Oceania,2019,1386561.2260872999,1226573.4452478199,2774594.369384,35536.28668714,884802.9468259999,1115449.7018455
Oceania,2020,1300968.2526622,1063114.8946519198,2543863.795146,34462.8078505,893609.749996,1090258.2422520001
Oceania,2021,1315070.6980694,1196923.2229380899,2480002.863804,35618.81853622,903826.2040039999,1089252.631049
Oceania,2022,1280531.4416993,1164618.96626209,2409977.328752,35245.8145614,913411.134981,1087024.743627
South America,1922,229986.80205199998,608463.0274009999,4930195.169,64041.03324599999,649131.8575,666720.172
South America,1923,247353.86159699998,705779.223367,5067216.1799,65828.901006,666183.3375,695740.0432000001
South America,1924,273541.24623,818851.255656,5229772.6437,67881.596015,683322.1049,737414.9698000001
South America,1925,300413.71776,894606.883048,5356680.7104,69705.68519,716681.8085,781717.6343
South America,1926,323623.67088,971219.702036,5514569.163,71918.43858,745577.79736,840855.8952
South America,1927,350688.226754,1070255.8292409999,5663476.6104,74336.31754,768277.9494,904150.3099400001
South America,1928,383430.99155,865902.961294,5826063.373,76538.015024,788842.4326000001,997850.18015
South America,1929,424913.655916,900937.709584,5994697.0638,78791.57888,806101.8794,1066835.66194
South America,1930,427079.42164099996,879855.7356088001,6057176.570643,80041.274706,820710.940555,1078775.539552
South America,1931,418898.79707000003,841730.757522,6069502.1594,80527.29464400001,830712.6980399999,1061880.5653000001
South America,1932,426463.71084,535199.775301,6154487.665,81814.10244500001,838112.9581,1076534.8558
South America,1933,467480.37622,691553.64575,6353325.603,83978.88295,844317.3359000001,1119451.8810999999
South America,1934,480598.88991,918328.9293790001,6512341.84,86119.8529,849333.7574,1181346.72593
South America,1935,499341.517796,971695.180089,6675148.6105,88153.24367000001,854537.7373,1229453.17755
South America,1936,517592.4816,953398.7527330001,6805590.5600000005,90063.5361,867510.44734,1268558.547
South America,1937,548934.503704,1311352.359834,6967270.4236,92503.53884,879254.4902000001,1335817.7085
South America,1938,556622.318055,1181795.644201,7083179.766,94356.540114,889077.35614,1361434.5764000001
South America,1939,559440.88105,1153861.404381,7231717.109,96499.23167600001,897327.1019,1416951.2667
South America,1940,553430.261114,1157971.9203797,7326042.024095,98423.53481619999,904446.817012,1405371.341909
South America,1941,557425.28844,1382582.985343,7434498.477,100460.981735,920802.89936,1468570.816
South America,1942,580299.52641,1420418.0369509999,7628763.29,102483.00115,935467.9013,1407891.79025
South America,1943,598458.7620999999,1459222.1091699998,7804087.3947,105381.47842,951447.3196,1479187.6247
South America,1944,620246.65697,1492785.20584,7973636.2974,108171.89276999999,969412.3812,1610758.7771700001
South America,1945,629449.57712,2363817.27249,8120546.642,110848.450226,988167.39686,1705826.2915
South America,1946,638346.92996,1135916.5480119998,8300316.6807,113274.932225,1015049.0702000001,1808949.0228999997
South America,1947,653965.20271,1335353.323346,8518633.396000002,116316.59385,1045830.3173,1903422.8045
South America,1948,666872.18994,1404429.910648,8698698.993,118582.49045,1077734.06024,2002732.1491
South America,1949,672916.06382,1218831.32247,8863265.527999999,120663.56221,1117458.34424,2034544.2566
South America,1950,836966.008924,1344361.247564,9456812.7197,127879.673083,1159633.707827,2302208.4767199997
South America,1951,881785.9148500001,1437934.082829,9640102.942699999,131707.600545,1204077.8859400002,2458310.17081
South America,1952,931606.742763,1591912.19089,9825468.21156,135295.678425,1245595.10891,2579380.80428
South America,1953,943623.3192740001,1421894.9260965001,9908360.81568,137853.6776636,1287870.54864,2601010.95365
South America,1954,982347.830328,1480241.860167,10066912.50808,141662.78574,1325023.0655,2725555.64653
South America,1955,1127940.656425,1779530.90187,10626650.47002,147957.564242,1356198.862046,3017261.05301
South America,1956,1182887.269463,1878973.8525750001,10811767.92282,152526.205054,1390610.53204,3223653.821585
South America,1957,1219430.0113499998,1935579.451814,10944105.32091,156431.332679,1431823.95798,3412318.0620600004
South America,1958,1080315.05976,1855399.522086,10437139.67338,155655.15109799997,1481550.73457,3235069.81157
South America,1959,1283373.24059,2088314.4461959999,11238180.43454,164057.002449,1532938.57981,3548483.447654
South America,1960,1271187.69473,2383909.438803,11185064.11235,167825.828321,1572439.7741699999,3621458.86065
South America,1961,1269955.94877,2476616.105039,11156846.8288,170765.781485,1603832.76684,3678103.2343999995
South America,1962,1295626.99844,2525495.471076,11206794.94626,175122.7159844,1644066.824285,3835464.4292360004
South America,1963,1375116.51283,2609506.955746,11592628.20393,179948.82618799998,1717385.29397,3989863.961306
South America,1964,1412314.1277,2700324.951442,11684187.571661001,184392.25659459998,1747192.37702,4102381.75952
South America,1965,1467549.769576,2666421.23476,11893091.423577,189182.77522440001,1816687.860045,4211007.4189
South America,1966,1508571.1541539999,2788971.210504,12000569.51568,192757.09104452998,1853951.46588,4228836.09961
South America,1967,1578897.16059,2918728.8686740003,12276304.689587,196903.4284864,1984399.038675,4402424.93681
South America,1968,1701709.002474,3063998.2738092197,12627829.336274,202248.44409584,2063044.44245,4565462.40244
South America,1969,1826026.55217,3202759.9409496803,13058119.022658,208724.16800236,2100216.03512,4694047.846144
South America,1970,1964384.09828,3289951.1668350003,13274363.98952,213551.40605969998,2299971.19546,4825377.13504
South America,1971,2046303.6453,3334098.786874,13608890.045134,220798.8995476,2357662.88689,4856021.64033
South America,1972,2152752.18834,3377449.2554676,13939506.684477,222263.46705212002,2414646.48095,4840164.153376
South America,1973,2342768.4492800003,3482931.91131,14352271.706535,226392.81158369998,2462670.21989,5038800.001029
South America,1974,2514693.22876,3863619.9625503,14983685.914789,229051.87872062996,2549468.14585,4963349.75048
South America,1975,2629974.478774,3834533.9363605,15299700.480596,233424.28657633997,2633997.5246,4755800.572699999
South America,1976,2819868.59006,4729791.3367167,15273103.194197,240783.44000192996,2726212.3660399998,4744364.089726999
South America,1977,2898214.098095,4732519.5061344,15402212.3339,245237.86611793,2834532.0584,4728581.53164
South America,1978,3065581.97909,4980842.5490045,15745323.369012,248760.80847399996,2816403.9879400004,4758609.534649
South America,1979,3251511.5393,5296348.571062701,16385821.182473,256450.07348465,2934905.38727,4966979.289502
South America,1980,3280186.91076,5232660.7886807,16791918.27226,262935.30662952,3070723.65313,4997415.754207
South America,1981,3289561.76897,4956589.072508001,16563191.94359,263900.31523954,3023456.02975,4951127.216246
South America,1982,3333935.97078,5185217.699708,16538591.418974,262959.2788458,3043490.63536,4881891.670145
South America,1983,3330953.0328699998,5052005.009283,16814213.73584,264696.53801518003,3050679.13471,4912164.362613
South America,1984,3423189.0811260003,5147045.502932,17757554.638925,273555.15353645,3212244.45673,5124051.5955300005
South America,1985,3514015.25426,5188533.124284999,17925060.063166,276610.52941253,3245152.3003399996,5114696.29268
South America,1986,3661920.18617,5267672.91404,18480512.46665,283223.8705984,3340155.04939,5299802.836237
South America,1987,3779604.4116900004,5377818.120565,18623695.324466,293529.802207,3424933.84172,5333153.58831
South America,1988,3839345.35509,5388030.2094870005,18931295.09469,295081.3540713,3473904.78397,5405420.802895
South America,1989,3809530.10364,5466856.37106,19411788.511006,292618.80555315,3527336.38808,5447256.671664
South America,1990,3836333.51545,5242513.01958,18517161.76517,291687.064528,3514936.6541999998,5392848.358365
South America,1991,3950458.9222,5419802.46479,18200488.72107,292055.0641866,3568817.28653,5469528.930005
South America,1992,4044665.05753,5496174.17031,17983167.63898,286463.1956642,3631779.07735,5492023.7784
South America,1993,4194716.04377,5600287.10758,18211519.82659,285019.5235786,3722334.3997399993,5631547.814824
South America,1994,4459553.16447,5684489.04645,17889067.48314,290646.4724879,3897848.53175,5781413.43732
South America,1995,4632432.2063,5870642.21455,18187258.0118,292109.4759683,3956404.4689,5935054.458070001
South America,1996,4996688.78728,6027255.57635,18109384.284500003,291204.7500626,3885745.16396,6111701.977834
South America,1997,5057512.3372,6099517.092110001,17764670.77074,282974.07095980004,3978222.33373,6196495.89307
South America,1998,5108122.702,5819383.18379,17371988.04857,279566.4002806,4024868.7702200003,6251764.6384149995
South America,1999,5027481.330200001,5909343.4849499995,17186241.795140002,270617.0606926,4080742.97228,6172389.533526
South America,2000,4801052.45027,5726544.25553,17008432.1629,256810.9335081,4229403.12997,6173462.481590001
South America,2001,4902571.17233,5626227.0657,16446200.808959998,261832.51105180001,4261728.9412,6149510.40582
South America,2002,4900566.161830001,5234376.031817,16572642.56327,269306.37123319996,4388471.38698,6151535.5622
South America,2003,4984877.0867,5007136.87712,17397902.5182,276057.98743670003,4660958.61112,6215861.607265
South America,2004,5290902.27134,4897423.204045,18296583.36698,289626.3142525,4822341.04938,6519403.64539
South America,2005,5317841.196599999,4763148.86428,18018363.93194,293693.03143669997,4791578.38507,6596818.290349999
South America,2006,5332562.1078,4624529.51903,17165993.28777,301603.6153029,4874081.2809999995,6693016.91571
South America,2007,5634831.0594999995,4015096.24059,17635478.52358,314820.0005715,5068521.20935,6732489.64754
South America,2008,5872575.57886,4134420.48817,17706452.390300002,322212.85534949997,5019046.24145,6808751.084825
South America,2009,5780157.29754,3839382.472,16068292.907879999,319789.9305207,4975646.28191,6695374.585829999
South America,2010,6223992.256159999,4158416.19312,17078811.31967,336986.0068382,5122292.07942,6988822.431535
South America,2011,6317118.4553,4255825.586398,16827446.73688,333990.3506531,5321598.41732,7032498.54875
South America,2012,6598958.0301,4261307.093156,17106131.6725,335744.3713949,5306049.23684,7163953.834369999
South America,2013,6747201.3542,4512108.82384,16601812.144000001,342846.2428424,5337410.04633,7065858.846665
South America,2014,6873038.8571999995,4339264.62885,16129355.7932,341135.7238303,5465548.7849,7101741.59166
South America,2015,6677253.59925,4267826.01656,15691384.48154,329431.5147098,5395880.03372,7019104.7795
South America,2016,6467279.4039,3952342.56742,15029360.354799999,324177.2793946,5634522.42557,6862526.9483550005
South America,2017,6341635.0795,3802228.70053,15051950.1301,316255.01125940005,5601990.9348,6888945.07093
South America,2018,6192405.848239999,3602524.010423,14795848.62334,311315.3515918,5642008.4263700005,6844417.170514
South America,2019,6091662.34425,3420204.5537799997,14459839.999200001,301738.7546036,5684173.14472,6787707.45709
South America,2020,5574988.9194600005,3246352.36396,13470258.86156,291928.2923278,5738364.90013,6676335.32156
South America,2021,5968311.79854,3489810.704074,13893186.80277,292590.2345083,5778603.353800001,6696889.95259
South America,2022,5861211.1805300005,3236210.391324,13869350.36186,291069.9546618,5819237.980049999,6712245.693390001
